{
  "code": "200",
  "message": "successful",
  "data":[{
    "id": 1,
    "used": 1,
    "type": 1,
    "addr": "10.58.12.111"
  },{
    "id": 2,
    "used": 1,
    "type": 0,
    "addr": "10.58.12.112"
  },{
    "id": 3,
    "used": 1,
    "type": 0,
    "addr": "10.58.12.113"
  },{
    "id":4,
    "used": 0,
    "type": 0,
    "addr": "10.58.12.114"
  },{
    "id": 5,
    "used": 0,
    "type": 0,
    "addr": "10.58.12.115"
  },{
    "id": 6,
    "used": 0,
    "type": 0,
    "addr": "10.58.12.116"
  }],
  "success": true
}