{
  "data": {
    "status": 6,
    "backupCycle": null,
    "noticeType": null,
    "descn": null,
    "containers": [
      {
        "type": null,
        "host": null,
        "status": 1,
        "mountDir": null,
        "zookeeperId": null,
        "gateAddr": null,
        "ipMask": null,
        "diskSize": null,
        "coresNumber": null,
        "cpuSpeed": null,
        "memorySize": null,
        "hcluster": null,
        "zabbixHosts": null,
        "hostId": null,
        "mclusterId": 4,
        "mcluster": {
          "type": null,
          "status": null,
          "sstPwd": null,
          "createUserModel": null,
          "hcluster": null,
          "adminUser": null,
          "adminPassword": null,
          "hclusterId": null,
          "mclusterName": "2_pressure_test1",
          "id": null,
          "createTime": null,
          "deleted": false,
          "createUser": null,
          "updateTime": null,
          "updateUser": null
        },
        "hostIp": null,
        "containerName": null,
        "ipAddr": null,
        "id": 266,
        "createTime": 1418725200000,
        "deleted": false,
        "createUser": null,
        "updateTime": 1418725200000,
        "updateUser": null
      },
      {
        "type": null,
        "host": null,
        "status": 1,
        "mountDir": null,
        "zookeeperId": null,
        "gateAddr": null,
        "ipMask": null,
        "diskSize": null,
        "coresNumber": null,
        "cpuSpeed": null,
        "memorySize": null,
        "hcluster": null,
        "zabbixHosts": null,
        "hostId": null,
        "mclusterId": 4,
        "mcluster": {
          "type": null,
          "status": null,
          "sstPwd": null,
          "createUserModel": null,
          "hcluster": null,
          "adminUser": null,
          "adminPassword": null,
          "hclusterId": null,
          "mclusterName": "2_pressure_test1",
          "id": null,
          "createTime": null,
          "deleted": false,
          "createUser": null,
          "updateTime": null,
          "updateUser": null
        },
        "hostIp": null,
        "containerName": null,
        "ipAddr": null,
        "id": 283,
        "createTime": 1418725800000,
        "deleted": false,
        "createUser": null,
        "updateTime": 1418725800000,
        "updateUser": null
      },
      {
        "type": null,
        "host": null,
        "status": 1,
        "mountDir": null,
        "zookeeperId": null,
        "gateAddr": null,
        "ipMask": null,
        "diskSize": null,
        "coresNumber": null,
        "cpuSpeed": null,
        "memorySize": null,
        "hcluster": null,
        "zabbixHosts": null,
        "hostId": null,
        "mclusterId": 4,
        "mcluster": {
          "type": null,
          "status": null,
          "sstPwd": null,
          "createUserModel": null,
          "hcluster": null,
          "adminUser": null,
          "adminPassword": null,
          "hclusterId": null,
          "mclusterName": "2_pressure_test1",
          "id": null,
          "createTime": null,
          "deleted": false,
          "createUser": null,
          "updateTime": null,
          "updateUser": null
        },
        "hostIp": null,
        "containerName": null,
        "ipAddr": null,
        "id": 300,
        "createTime": 1418726400000,
        "deleted": false,
        "createUser": null,
        "updateTime": 1418726400000,
        "updateUser": null
      },
      {
        "type": null,
        "host": null,
        "status": 1,
        "mountDir": null,
        "zookeeperId": null,
        "gateAddr": null,
        "ipMask": null,
        "diskSize": null,
        "coresNumber": null,
        "cpuSpeed": null,
        "memorySize": null,
        "hcluster": null,
        "zabbixHosts": null,
        "hostId": null,
        "mclusterId": 4,
        "mcluster": {
          "type": null,
          "status": null,
          "sstPwd": null,
          "createUserModel": null,
          "hcluster": null,
          "adminUser": null,
          "adminPassword": null,
          "hclusterId": null,
          "mclusterName": "2_pressure_test1",
          "id": null,
          "createTime": null,
          "deleted": false,
          "createUser": null,
          "updateTime": null,
          "updateUser": null
        },
        "hostIp": null,
        "containerName": null,
        "ipAddr": null,
        "id": 317,
        "createTime": 1418727000000,
        "deleted": false,
        "createUser": null,
        "updateTime": 1418727000000,
        "updateUser": null
      },
      {
        "type": null,
        "host": null,
        "status": 1,
        "mountDir": null,
        "zookeeperId": null,
        "gateAddr": null,
        "ipMask": null,
        "diskSize": null,
        "coresNumber": null,
        "cpuSpeed": null,
        "memorySize": null,
        "hcluster": null,
        "zabbixHosts": null,
        "hostId": null,
        "mclusterId": 4,
        "mcluster": {
          "type": null,
          "status": null,
          "sstPwd": null,
          "createUserModel": null,
          "hcluster": null,
          "adminUser": null,
          "adminPassword": null,
          "hclusterId": null,
          "mclusterName": "2_pressure_test1",
          "id": null,
          "createTime": null,
          "deleted": false,
          "createUser": null,
          "updateTime": null,
          "updateUser": null
        },
        "hostIp": null,
        "containerName": null,
        "ipAddr": null,
        "id": 116,
        "createTime": 1418719800000,
        "deleted": false,
        "createUser": null,
        "updateTime": 1418719800000,
        "updateUser": null
      },
      {
        "type": null,
        "host": null,
        "status": 1,
        "mountDir": null,
        "zookeeperId": null,
        "gateAddr": null,
        "ipMask": null,
        "diskSize": null,
        "coresNumber": null,
        "cpuSpeed": null,
        "memorySize": null,
        "hcluster": null,
        "zabbixHosts": null,
        "hostId": null,
        "mclusterId": 4,
        "mcluster": {
          "type": null,
          "status": null,
          "sstPwd": null,
          "createUserModel": null,
          "hcluster": null,
          "adminUser": null,
          "adminPassword": null,
          "hclusterId": null,
          "mclusterName": "2_pressure_test1",
          "id": null,
          "createTime": null,
          "deleted": false,
          "createUser": null,
          "updateTime": null,
          "updateUser": null
        },
        "hostIp": null,
        "containerName": null,
        "ipAddr": null,
        "id": 130,
        "createTime": 1418720400000,
        "deleted": false,
        "createUser": null,
        "updateTime": 1418720400000,
        "updateUser": null
      },
      {
        "type": null,
        "host": null,
        "status": 1,
        "mountDir": null,
        "zookeeperId": null,
        "gateAddr": null,
        "ipMask": null,
        "diskSize": null,
        "coresNumber": null,
        "cpuSpeed": null,
        "memorySize": null,
        "hcluster": null,
        "zabbixHosts": null,
        "hostId": null,
        "mclusterId": 4,
        "mcluster": {
          "type": null,
          "status": null,
          "sstPwd": null,
          "createUserModel": null,
          "hcluster": null,
          "adminUser": null,
          "adminPassword": null,
          "hclusterId": null,
          "mclusterName": "2_pressure_test1",
          "id": null,
          "createTime": null,
          "deleted": false,
          "createUser": null,
          "updateTime": null,
          "updateUser": null
        },
        "hostIp": null,
        "containerName": null,
        "ipAddr": null,
        "id": 147,
        "createTime": 1418721001000,
        "deleted": false,
        "createUser": null,
        "updateTime": 1418721001000,
        "updateUser": null
      },
      {
        "type": null,
        "host": null,
        "status": 1,
        "mountDir": null,
        "zookeeperId": null,
        "gateAddr": null,
        "ipMask": null,
        "diskSize": null,
        "coresNumber": null,
        "cpuSpeed": null,
        "memorySize": null,
        "hcluster": null,
        "zabbixHosts": null,
        "hostId": null,
        "mclusterId": 4,
        "mcluster": {
          "type": null,
          "status": null,
          "sstPwd": null,
          "createUserModel": null,
          "hcluster": null,
          "adminUser": null,
          "adminPassword": null,
          "hclusterId": null,
          "mclusterName": "2_pressure_test1",
          "id": null,
          "createTime": null,
          "deleted": false,
          "createUser": null,
          "updateTime": null,
          "updateUser": null
        },
        "hostIp": null,
        "containerName": null,
        "ipAddr": null,
        "id": 164,
        "createTime": 1418721600000,
        "deleted": false,
        "createUser": null,
        "updateTime": 1418721600000,
        "updateUser": null
      },
      {
        "type": null,
        "host": null,
        "status": 1,
        "mountDir": null,
        "zookeeperId": null,
        "gateAddr": null,
        "ipMask": null,
        "diskSize": null,
        "coresNumber": null,
        "cpuSpeed": null,
        "memorySize": null,
        "hcluster": null,
        "zabbixHosts": null,
        "hostId": null,
        "mclusterId": 4,
        "mcluster": {
          "type": null,
          "status": null,
          "sstPwd": null,
          "createUserModel": null,
          "hcluster": null,
          "adminUser": null,
          "adminPassword": null,
          "hclusterId": null,
          "mclusterName": "2_pressure_test1",
          "id": null,
          "createTime": null,
          "deleted": false,
          "createUser": null,
          "updateTime": null,
          "updateUser": null
        },
        "hostIp": null,
        "containerName": null,
        "ipAddr": null,
        "id": 181,
        "createTime": 1418722200000,
        "deleted": false,
        "createUser": null,
        "updateTime": 1418722200000,
        "updateUser": null
      },
      {
        "type": null,
        "host": null,
        "status": 1,
        "mountDir": null,
        "zookeeperId": null,
        "gateAddr": null,
        "ipMask": null,
        "diskSize": null,
        "coresNumber": null,
        "cpuSpeed": null,
        "memorySize": null,
        "hcluster": null,
        "zabbixHosts": null,
        "hostId": null,
        "mclusterId": 4,
        "mcluster": {
          "type": null,
          "status": null,
          "sstPwd": null,
          "createUserModel": null,
          "hcluster": null,
          "adminUser": null,
          "adminPassword": null,
          "hclusterId": null,
          "mclusterName": "2_pressure_test1",
          "id": null,
          "createTime": null,
          "deleted": false,
          "createUser": null,
          "updateTime": null,
          "updateUser": null
        },
        "hostIp": null,
        "containerName": null,
        "ipAddr": null,
        "id": 198,
        "createTime": 1418722800000,
        "deleted": false,
        "createUser": null,
        "updateTime": 1418722800000,
        "updateUser": null
      },
      {
        "type": null,
        "host": null,
        "status": 1,
        "mountDir": null,
        "zookeeperId": null,
        "gateAddr": null,
        "ipMask": null,
        "diskSize": null,
        "coresNumber": null,
        "cpuSpeed": null,
        "memorySize": null,
        "hcluster": null,
        "zabbixHosts": null,
        "hostId": null,
        "mclusterId": 4,
        "mcluster": {
          "type": null,
          "status": null,
          "sstPwd": null,
          "createUserModel": null,
          "hcluster": null,
          "adminUser": null,
          "adminPassword": null,
          "hclusterId": null,
          "mclusterName": "2_pressure_test1",
          "id": null,
          "createTime": null,
          "deleted": false,
          "createUser": null,
          "updateTime": null,
          "updateUser": null
        },
        "hostIp": null,
        "containerName": null,
        "ipAddr": null,
        "id": 215,
        "createTime": 1418723400000,
        "deleted": false,
        "createUser": null,
        "updateTime": 1418723400000,
        "updateUser": null
      },
      {
        "type": null,
        "host": null,
        "status": 1,
        "mountDir": null,
        "zookeeperId": null,
        "gateAddr": null,
        "ipMask": null,
        "diskSize": null,
        "coresNumber": null,
        "cpuSpeed": null,
        "memorySize": null,
        "hcluster": null,
        "zabbixHosts": null,
        "hostId": null,
        "mclusterId": 4,
        "mcluster": {
          "type": null,
          "status": null,
          "sstPwd": null,
          "createUserModel": null,
          "hcluster": null,
          "adminUser": null,
          "adminPassword": null,
          "hclusterId": null,
          "mclusterName": "2_pressure_test1",
          "id": null,
          "createTime": null,
          "deleted": false,
          "createUser": null,
          "updateTime": null,
          "updateUser": null
        },
        "hostIp": null,
        "containerName": null,
        "ipAddr": null,
        "id": 232,
        "createTime": 1418724000000,
        "deleted": false,
        "createUser": null,
        "updateTime": 1418724000000,
        "updateUser": null
      },
      {
        "type": null,
        "host": null,
        "status": 1,
        "mountDir": null,
        "zookeeperId": null,
        "gateAddr": null,
        "ipMask": null,
        "diskSize": null,
        "coresNumber": null,
        "cpuSpeed": null,
        "memorySize": null,
        "hcluster": null,
        "zabbixHosts": null,
        "hostId": null,
        "mclusterId": 4,
        "mcluster": {
          "type": null,
          "status": null,
          "sstPwd": null,
          "createUserModel": null,
          "hcluster": null,
          "adminUser": null,
          "adminPassword": null,
          "hclusterId": null,
          "mclusterName": "2_pressure_test1",
          "id": null,
          "createTime": null,
          "deleted": false,
          "createUser": null,
          "updateTime": null,
          "updateUser": null
        },
        "hostIp": null,
        "containerName": null,
        "ipAddr": null,
        "id": 249,
        "createTime": 1418724600000,
        "deleted": false,
        "createUser": null,
        "updateTime": 1418724600000,
        "updateUser": null
      },
      {
        "type": "mclusternode",
        "host": null,
        "status": 1,
        "mountDir": null,
        "zookeeperId": null,
        "gateAddr": null,
        "ipMask": null,
        "diskSize": null,
        "coresNumber": null,
        "cpuSpeed": null,
        "memorySize": null,
        "hcluster": null,
        "zabbixHosts": null,
        "hostId": null,
        "mclusterId": 4,
        "mcluster": {
          "type": null,
          "status": null,
          "sstPwd": null,
          "createUserModel": null,
          "hcluster": null,
          "adminUser": null,
          "adminPassword": null,
          "hclusterId": null,
          "mclusterName": "2_pressure_test1",
          "id": null,
          "createTime": null,
          "deleted": false,
          "createUser": null,
          "updateTime": null,
          "updateUser": null
        },
        "hostIp": null,
        "containerName": null,
        "ipAddr": null,
        "id": 265,
        "createTime": 1418725200000,
        "deleted": false,
        "createUser": null,
        "updateTime": 1418725200000,
        "updateUser": null
      },
      {
        "type": "mclusternode",
        "host": null,
        "status": 1,
        "mountDir": null,
        "zookeeperId": null,
        "gateAddr": null,
        "ipMask": null,
        "diskSize": null,
        "coresNumber": null,
        "cpuSpeed": null,
        "memorySize": null,
        "hcluster": null,
        "zabbixHosts": null,
        "hostId": null,
        "mclusterId": 4,
        "mcluster": {
          "type": null,
          "status": null,
          "sstPwd": null,
          "createUserModel": null,
          "hcluster": null,
          "adminUser": null,
          "adminPassword": null,
          "hclusterId": null,
          "mclusterName": "2_pressure_test1",
          "id": null,
          "createTime": null,
          "deleted": false,
          "createUser": null,
          "updateTime": null,
          "updateUser": null
        },
        "hostIp": null,
        "containerName": null,
        "ipAddr": null,
        "id": 267,
        "createTime": 1418725200000,
        "deleted": false,
        "createUser": null,
        "updateTime": 1418725200000,
        "updateUser": null
      },
      {
        "type": "mclusternode",
        "host": null,
        "status": 1,
        "mountDir": null,
        "zookeeperId": null,
        "gateAddr": null,
        "ipMask": null,
        "diskSize": null,
        "coresNumber": null,
        "cpuSpeed": null,
        "memorySize": null,
        "hcluster": null,
        "zabbixHosts": null,
        "hostId": null,
        "mclusterId": 4,
        "mcluster": {
          "type": null,
          "status": null,
          "sstPwd": null,
          "createUserModel": null,
          "hcluster": null,
          "adminUser": null,
          "adminPassword": null,
          "hclusterId": null,
          "mclusterName": "2_pressure_test1",
          "id": null,
          "createTime": null,
          "deleted": false,
          "createUser": null,
          "updateTime": null,
          "updateUser": null
        },
        "hostIp": null,
        "containerName": null,
        "ipAddr": null,
        "id": 268,
        "createTime": 1418725200000,
        "deleted": false,
        "createUser": null,
        "updateTime": 1418725200000,
        "updateUser": null
      },
      {
        "type": "mclusternode",
        "host": null,
        "status": 1,
        "mountDir": null,
        "zookeeperId": null,
        "gateAddr": null,
        "ipMask": null,
        "diskSize": null,
        "coresNumber": null,
        "cpuSpeed": null,
        "memorySize": null,
        "hcluster": null,
        "zabbixHosts": null,
        "hostId": null,
        "mclusterId": 4,
        "mcluster": {
          "type": null,
          "status": null,
          "sstPwd": null,
          "createUserModel": null,
          "hcluster": null,
          "adminUser": null,
          "adminPassword": null,
          "hclusterId": null,
          "mclusterName": "2_pressure_test1",
          "id": null,
          "createTime": null,
          "deleted": false,
          "createUser": null,
          "updateTime": null,
          "updateUser": null
        },
        "hostIp": null,
        "containerName": null,
        "ipAddr": null,
        "id": 282,
        "createTime": 1418725800000,
        "deleted": false,
        "createUser": null,
        "updateTime": 1418725800000,
        "updateUser": null
      },
      {
        "type": "mclusternode",
        "host": null,
        "status": 1,
        "mountDir": null,
        "zookeeperId": null,
        "gateAddr": null,
        "ipMask": null,
        "diskSize": null,
        "coresNumber": null,
        "cpuSpeed": null,
        "memorySize": null,
        "hcluster": null,
        "zabbixHosts": null,
        "hostId": null,
        "mclusterId": 4,
        "mcluster": {
          "type": null,
          "status": null,
          "sstPwd": null,
          "createUserModel": null,
          "hcluster": null,
          "adminUser": null,
          "adminPassword": null,
          "hclusterId": null,
          "mclusterName": "2_pressure_test1",
          "id": null,
          "createTime": null,
          "deleted": false,
          "createUser": null,
          "updateTime": null,
          "updateUser": null
        },
        "hostIp": null,
        "containerName": null,
        "ipAddr": null,
        "id": 284,
        "createTime": 1418725800000,
        "deleted": false,
        "createUser": null,
        "updateTime": 1418725800000,
        "updateUser": null
      },
      {
        "type": "mclusternode",
        "host": null,
        "status": 1,
        "mountDir": null,
        "zookeeperId": null,
        "gateAddr": null,
        "ipMask": null,
        "diskSize": null,
        "coresNumber": null,
        "cpuSpeed": null,
        "memorySize": null,
        "hcluster": null,
        "zabbixHosts": null,
        "hostId": null,
        "mclusterId": 4,
        "mcluster": {
          "type": null,
          "status": null,
          "sstPwd": null,
          "createUserModel": null,
          "hcluster": null,
          "adminUser": null,
          "adminPassword": null,
          "hclusterId": null,
          "mclusterName": "2_pressure_test1",
          "id": null,
          "createTime": null,
          "deleted": false,
          "createUser": null,
          "updateTime": null,
          "updateUser": null
        },
        "hostIp": null,
        "containerName": null,
        "ipAddr": null,
        "id": 285,
        "createTime": 1418725800000,
        "deleted": false,
        "createUser": null,
        "updateTime": 1418725800000,
        "updateUser": null
      },
      {
        "type": "mclusternode",
        "host": null,
        "status": 1,
        "mountDir": null,
        "zookeeperId": null,
        "gateAddr": null,
        "ipMask": null,
        "diskSize": null,
        "coresNumber": null,
        "cpuSpeed": null,
        "memorySize": null,
        "hcluster": null,
        "zabbixHosts": null,
        "hostId": null,
        "mclusterId": 4,
        "mcluster": {
          "type": null,
          "status": null,
          "sstPwd": null,
          "createUserModel": null,
          "hcluster": null,
          "adminUser": null,
          "adminPassword": null,
          "hclusterId": null,
          "mclusterName": "2_pressure_test1",
          "id": null,
          "createTime": null,
          "deleted": false,
          "createUser": null,
          "updateTime": null,
          "updateUser": null
        },
        "hostIp": null,
        "containerName": null,
        "ipAddr": null,
        "id": 299,
        "createTime": 1418726400000,
        "deleted": false,
        "createUser": null,
        "updateTime": 1418726400000,
        "updateUser": null
      },
      {
        "type": "mclusternode",
        "host": null,
        "status": 1,
        "mountDir": null,
        "zookeeperId": null,
        "gateAddr": null,
        "ipMask": null,
        "diskSize": null,
        "coresNumber": null,
        "cpuSpeed": null,
        "memorySize": null,
        "hcluster": null,
        "zabbixHosts": null,
        "hostId": null,
        "mclusterId": 4,
        "mcluster": {
          "type": null,
          "status": null,
          "sstPwd": null,
          "createUserModel": null,
          "hcluster": null,
          "adminUser": null,
          "adminPassword": null,
          "hclusterId": null,
          "mclusterName": "2_pressure_test1",
          "id": null,
          "createTime": null,
          "deleted": false,
          "createUser": null,
          "updateTime": null,
          "updateUser": null
        },
        "hostIp": null,
        "containerName": null,
        "ipAddr": null,
        "id": 301,
        "createTime": 1418726400000,
        "deleted": false,
        "createUser": null,
        "updateTime": 1418726400000,
        "updateUser": null
      },
      {
        "type": "mclusternode",
        "host": null,
        "status": 1,
        "mountDir": null,
        "zookeeperId": null,
        "gateAddr": null,
        "ipMask": null,
        "diskSize": null,
        "coresNumber": null,
        "cpuSpeed": null,
        "memorySize": null,
        "hcluster": null,
        "zabbixHosts": null,
        "hostId": null,
        "mclusterId": 4,
        "mcluster": {
          "type": null,
          "status": null,
          "sstPwd": null,
          "createUserModel": null,
          "hcluster": null,
          "adminUser": null,
          "adminPassword": null,
          "hclusterId": null,
          "mclusterName": "2_pressure_test1",
          "id": null,
          "createTime": null,
          "deleted": false,
          "createUser": null,
          "updateTime": null,
          "updateUser": null
        },
        "hostIp": null,
        "containerName": null,
        "ipAddr": null,
        "id": 302,
        "createTime": 1418726400000,
        "deleted": false,
        "createUser": null,
        "updateTime": 1418726400000,
        "updateUser": null
      },
      {
        "type": "mclusternode",
        "host": null,
        "status": 1,
        "mountDir": null,
        "zookeeperId": null,
        "gateAddr": null,
        "ipMask": null,
        "diskSize": null,
        "coresNumber": null,
        "cpuSpeed": null,
        "memorySize": null,
        "hcluster": null,
        "zabbixHosts": null,
        "hostId": null,
        "mclusterId": 4,
        "mcluster": {
          "type": null,
          "status": null,
          "sstPwd": null,
          "createUserModel": null,
          "hcluster": null,
          "adminUser": null,
          "adminPassword": null,
          "hclusterId": null,
          "mclusterName": "2_pressure_test1",
          "id": null,
          "createTime": null,
          "deleted": false,
          "createUser": null,
          "updateTime": null,
          "updateUser": null
        },
        "hostIp": null,
        "containerName": null,
        "ipAddr": null,
        "id": 316,
        "createTime": 1418727000000,
        "deleted": false,
        "createUser": null,
        "updateTime": 1418727000000,
        "updateUser": null
      },
      {
        "type": "mclusternode",
        "host": null,
        "status": 1,
        "mountDir": null,
        "zookeeperId": null,
        "gateAddr": null,
        "ipMask": null,
        "diskSize": null,
        "coresNumber": null,
        "cpuSpeed": null,
        "memorySize": null,
        "hcluster": null,
        "zabbixHosts": null,
        "hostId": null,
        "mclusterId": 4,
        "mcluster": {
          "type": null,
          "status": null,
          "sstPwd": null,
          "createUserModel": null,
          "hcluster": null,
          "adminUser": null,
          "adminPassword": null,
          "hclusterId": null,
          "mclusterName": "2_pressure_test1",
          "id": null,
          "createTime": null,
          "deleted": false,
          "createUser": null,
          "updateTime": null,
          "updateUser": null
        },
        "hostIp": null,
        "containerName": null,
        "ipAddr": null,
        "id": 318,
        "createTime": 1418727000000,
        "deleted": false,
        "createUser": null,
        "updateTime": 1418727000000,
        "updateUser": null
      },
      {
        "type": "mclusternode",
        "host": null,
        "status": 1,
        "mountDir": null,
        "zookeeperId": null,
        "gateAddr": null,
        "ipMask": null,
        "diskSize": null,
        "coresNumber": null,
        "cpuSpeed": null,
        "memorySize": null,
        "hcluster": null,
        "zabbixHosts": null,
        "hostId": null,
        "mclusterId": 4,
        "mcluster": {
          "type": null,
          "status": null,
          "sstPwd": null,
          "createUserModel": null,
          "hcluster": null,
          "adminUser": null,
          "adminPassword": null,
          "hclusterId": null,
          "mclusterName": "2_pressure_test1",
          "id": null,
          "createTime": null,
          "deleted": false,
          "createUser": null,
          "updateTime": null,
          "updateUser": null
        },
        "hostIp": null,
        "containerName": null,
        "ipAddr": null,
        "id": 319,
        "createTime": 1418727000000,
        "deleted": false,
        "createUser": null,
        "updateTime": 1418727000000,
        "updateUser": null
      },
      {
        "type": "mclusternode",
        "host": null,
        "status": 1,
        "mountDir": null,
        "zookeeperId": null,
        "gateAddr": null,
        "ipMask": null,
        "diskSize": null,
        "coresNumber": null,
        "cpuSpeed": null,
        "memorySize": null,
        "hcluster": null,
        "zabbixHosts": null,
        "hostId": null,
        "mclusterId": 4,
        "mcluster": {
          "type": null,
          "status": null,
          "sstPwd": null,
          "createUserModel": null,
          "hcluster": null,
          "adminUser": null,
          "adminPassword": null,
          "hclusterId": null,
          "mclusterName": "2_pressure_test1",
          "id": null,
          "createTime": null,
          "deleted": false,
          "createUser": null,
          "updateTime": null,
          "updateUser": null
        },
        "hostIp": null,
        "containerName": null,
        "ipAddr": null,
        "id": 79,
        "createTime": 1418718600000,
        "deleted": false,
        "createUser": null,
        "updateTime": 1418718600000,
        "updateUser": null
      },
      {
        "type": "mclusternode",
        "host": null,
        "status": 1,
        "mountDir": null,
        "zookeeperId": null,
        "gateAddr": null,
        "ipMask": null,
        "diskSize": null,
        "coresNumber": null,
        "cpuSpeed": null,
        "memorySize": null,
        "hcluster": null,
        "zabbixHosts": null,
        "hostId": null,
        "mclusterId": 4,
        "mcluster": {
          "type": null,
          "status": null,
          "sstPwd": null,
          "createUserModel": null,
          "hcluster": null,
          "adminUser": null,
          "adminPassword": null,
          "hclusterId": null,
          "mclusterName": "2_pressure_test1",
          "id": null,
          "createTime": null,
          "deleted": false,
          "createUser": null,
          "updateTime": null,
          "updateUser": null
        },
        "hostIp": null,
        "containerName": null,
        "ipAddr": null,
        "id": 80,
        "createTime": 1418718600000,
        "deleted": false,
        "createUser": null,
        "updateTime": 1418718600000,
        "updateUser": null
      },
      {
        "type": "mclusternode",
        "host": null,
        "status": 1,
        "mountDir": null,
        "zookeeperId": null,
        "gateAddr": null,
        "ipMask": null,
        "diskSize": null,
        "coresNumber": null,
        "cpuSpeed": null,
        "memorySize": null,
        "hcluster": null,
        "zabbixHosts": null,
        "hostId": null,
        "mclusterId": 4,
        "mcluster": {
          "type": null,
          "status": null,
          "sstPwd": null,
          "createUserModel": null,
          "hcluster": null,
          "adminUser": null,
          "adminPassword": null,
          "hclusterId": null,
          "mclusterName": "2_pressure_test1",
          "id": null,
          "createTime": null,
          "deleted": false,
          "createUser": null,
          "updateTime": null,
          "updateUser": null
        },
        "hostIp": null,
        "containerName": null,
        "ipAddr": null,
        "id": 81,
        "createTime": 1418718600000,
        "deleted": false,
        "createUser": null,
        "updateTime": 1418718600000,
        "updateUser": null
      },
      {
        "type": "mclusternode",
        "host": null,
        "status": 1,
        "mountDir": null,
        "zookeeperId": null,
        "gateAddr": null,
        "ipMask": null,
        "diskSize": null,
        "coresNumber": null,
        "cpuSpeed": null,
        "memorySize": null,
        "hcluster": null,
        "zabbixHosts": null,
        "hostId": null,
        "mclusterId": 4,
        "mcluster": {
          "type": null,
          "status": null,
          "sstPwd": null,
          "createUserModel": null,
          "hcluster": null,
          "adminUser": null,
          "adminPassword": null,
          "hclusterId": null,
          "mclusterName": "2_pressure_test1",
          "id": null,
          "createTime": null,
          "deleted": false,
          "createUser": null,
          "updateTime": null,
          "updateUser": null
        },
        "hostIp": null,
        "containerName": null,
        "ipAddr": null,
        "id": 99,
        "createTime": 1418719201000,
        "deleted": false,
        "createUser": null,
        "updateTime": 1418719201000,
        "updateUser": null
      },
      {
        "type": "mclusternode",
        "host": null,
        "status": 1,
        "mountDir": null,
        "zookeeperId": null,
        "gateAddr": null,
        "ipMask": null,
        "diskSize": null,
        "coresNumber": null,
        "cpuSpeed": null,
        "memorySize": null,
        "hcluster": null,
        "zabbixHosts": null,
        "hostId": null,
        "mclusterId": 4,
        "mcluster": {
          "type": null,
          "status": null,
          "sstPwd": null,
          "createUserModel": null,
          "hcluster": null,
          "adminUser": null,
          "adminPassword": null,
          "hclusterId": null,
          "mclusterName": "2_pressure_test1",
          "id": null,
          "createTime": null,
          "deleted": false,
          "createUser": null,
          "updateTime": null,
          "updateUser": null
        },
        "hostIp": null,
        "containerName": null,
        "ipAddr": null,
        "id": 100,
        "createTime": 1418719201000,
        "deleted": false,
        "createUser": null,
        "updateTime": 1418719201000,
        "updateUser": null
      },
      {
        "type": "mclusternode",
        "host": null,
        "status": 1,
        "mountDir": null,
        "zookeeperId": null,
        "gateAddr": null,
        "ipMask": null,
        "diskSize": null,
        "coresNumber": null,
        "cpuSpeed": null,
        "memorySize": null,
        "hcluster": null,
        "zabbixHosts": null,
        "hostId": null,
        "mclusterId": 4,
        "mcluster": {
          "type": null,
          "status": null,
          "sstPwd": null,
          "createUserModel": null,
          "hcluster": null,
          "adminUser": null,
          "adminPassword": null,
          "hclusterId": null,
          "mclusterName": "2_pressure_test1",
          "id": null,
          "createTime": null,
          "deleted": false,
          "createUser": null,
          "updateTime": null,
          "updateUser": null
        },
        "hostIp": null,
        "containerName": null,
        "ipAddr": null,
        "id": 101,
        "createTime": 1418719201000,
        "deleted": false,
        "createUser": null,
        "updateTime": 1418719201000,
        "updateUser": null
      },
      {
        "type": "mclusternode",
        "host": null,
        "status": 1,
        "mountDir": null,
        "zookeeperId": null,
        "gateAddr": null,
        "ipMask": null,
        "diskSize": null,
        "coresNumber": null,
        "cpuSpeed": null,
        "memorySize": null,
        "hcluster": null,
        "zabbixHosts": null,
        "hostId": null,
        "mclusterId": 4,
        "mcluster": {
          "type": null,
          "status": null,
          "sstPwd": null,
          "createUserModel": null,
          "hcluster": null,
          "adminUser": null,
          "adminPassword": null,
          "hclusterId": null,
          "mclusterName": "2_pressure_test1",
          "id": null,
          "createTime": null,
          "deleted": false,
          "createUser": null,
          "updateTime": null,
          "updateUser": null
        },
        "hostIp": null,
        "containerName": null,
        "ipAddr": null,
        "id": 115,
        "createTime": 1418719800000,
        "deleted": false,
        "createUser": null,
        "updateTime": 1418719800000,
        "updateUser": null
      },
      {
        "type": "mclusternode",
        "host": null,
        "status": 1,
        "mountDir": null,
        "zookeeperId": null,
        "gateAddr": null,
        "ipMask": null,
        "diskSize": null,
        "coresNumber": null,
        "cpuSpeed": null,
        "memorySize": null,
        "hcluster": null,
        "zabbixHosts": null,
        "hostId": null,
        "mclusterId": 4,
        "mcluster": {
          "type": null,
          "status": null,
          "sstPwd": null,
          "createUserModel": null,
          "hcluster": null,
          "adminUser": null,
          "adminPassword": null,
          "hclusterId": null,
          "mclusterName": "2_pressure_test1",
          "id": null,
          "createTime": null,
          "deleted": false,
          "createUser": null,
          "updateTime": null,
          "updateUser": null
        },
        "hostIp": null,
        "containerName": null,
        "ipAddr": null,
        "id": 117,
        "createTime": 1418719800000,
        "deleted": false,
        "createUser": null,
        "updateTime": 1418719800000,
        "updateUser": null
      },
      {
        "type": "mclusternode",
        "host": null,
        "status": 1,
        "mountDir": null,
        "zookeeperId": null,
        "gateAddr": null,
        "ipMask": null,
        "diskSize": null,
        "coresNumber": null,
        "cpuSpeed": null,
        "memorySize": null,
        "hcluster": null,
        "zabbixHosts": null,
        "hostId": null,
        "mclusterId": 4,
        "mcluster": {
          "type": null,
          "status": null,
          "sstPwd": null,
          "createUserModel": null,
          "hcluster": null,
          "adminUser": null,
          "adminPassword": null,
          "hclusterId": null,
          "mclusterName": "2_pressure_test1",
          "id": null,
          "createTime": null,
          "deleted": false,
          "createUser": null,
          "updateTime": null,
          "updateUser": null
        },
        "hostIp": null,
        "containerName": null,
        "ipAddr": null,
        "id": 118,
        "createTime": 1418719800000,
        "deleted": false,
        "createUser": null,
        "updateTime": 1418719800000,
        "updateUser": null
      },
      {
        "type": "mclusternode",
        "host": null,
        "status": 1,
        "mountDir": null,
        "zookeeperId": null,
        "gateAddr": null,
        "ipMask": null,
        "diskSize": null,
        "coresNumber": null,
        "cpuSpeed": null,
        "memorySize": null,
        "hcluster": null,
        "zabbixHosts": null,
        "hostId": null,
        "mclusterId": 4,
        "mcluster": {
          "type": null,
          "status": null,
          "sstPwd": null,
          "createUserModel": null,
          "hcluster": null,
          "adminUser": null,
          "adminPassword": null,
          "hclusterId": null,
          "mclusterName": "2_pressure_test1",
          "id": null,
          "createTime": null,
          "deleted": false,
          "createUser": null,
          "updateTime": null,
          "updateUser": null
        },
        "hostIp": null,
        "containerName": null,
        "ipAddr": null,
        "id": 129,
        "createTime": 1418720400000,
        "deleted": false,
        "createUser": null,
        "updateTime": 1418720400000,
        "updateUser": null
      },
      {
        "type": "mclusternode",
        "host": null,
        "status": 1,
        "mountDir": null,
        "zookeeperId": null,
        "gateAddr": null,
        "ipMask": null,
        "diskSize": null,
        "coresNumber": null,
        "cpuSpeed": null,
        "memorySize": null,
        "hcluster": null,
        "zabbixHosts": null,
        "hostId": null,
        "mclusterId": 4,
        "mcluster": {
          "type": null,
          "status": null,
          "sstPwd": null,
          "createUserModel": null,
          "hcluster": null,
          "adminUser": null,
          "adminPassword": null,
          "hclusterId": null,
          "mclusterName": "2_pressure_test1",
          "id": null,
          "createTime": null,
          "deleted": false,
          "createUser": null,
          "updateTime": null,
          "updateUser": null
        },
        "hostIp": null,
        "containerName": null,
        "ipAddr": null,
        "id": 131,
        "createTime": 1418720400000,
        "deleted": false,
        "createUser": null,
        "updateTime": 1418720400000,
        "updateUser": null
      },
      {
        "type": "mclusternode",
        "host": null,
        "status": 1,
        "mountDir": null,
        "zookeeperId": null,
        "gateAddr": null,
        "ipMask": null,
        "diskSize": null,
        "coresNumber": null,
        "cpuSpeed": null,
        "memorySize": null,
        "hcluster": null,
        "zabbixHosts": null,
        "hostId": null,
        "mclusterId": 4,
        "mcluster": {
          "type": null,
          "status": null,
          "sstPwd": null,
          "createUserModel": null,
          "hcluster": null,
          "adminUser": null,
          "adminPassword": null,
          "hclusterId": null,
          "mclusterName": "2_pressure_test1",
          "id": null,
          "createTime": null,
          "deleted": false,
          "createUser": null,
          "updateTime": null,
          "updateUser": null
        },
        "hostIp": null,
        "containerName": null,
        "ipAddr": null,
        "id": 132,
        "createTime": 1418720400000,
        "deleted": false,
        "createUser": null,
        "updateTime": 1418720400000,
        "updateUser": null
      },
      {
        "type": "mclusternode",
        "host": null,
        "status": 1,
        "mountDir": null,
        "zookeeperId": null,
        "gateAddr": null,
        "ipMask": null,
        "diskSize": null,
        "coresNumber": null,
        "cpuSpeed": null,
        "memorySize": null,
        "hcluster": null,
        "zabbixHosts": null,
        "hostId": null,
        "mclusterId": 4,
        "mcluster": {
          "type": null,
          "status": null,
          "sstPwd": null,
          "createUserModel": null,
          "hcluster": null,
          "adminUser": null,
          "adminPassword": null,
          "hclusterId": null,
          "mclusterName": "2_pressure_test1",
          "id": null,
          "createTime": null,
          "deleted": false,
          "createUser": null,
          "updateTime": null,
          "updateUser": null
        },
        "hostIp": null,
        "containerName": null,
        "ipAddr": null,
        "id": 146,
        "createTime": 1418721000000,
        "deleted": false,
        "createUser": null,
        "updateTime": 1418721000000,
        "updateUser": null
      },
      {
        "type": "mclusternode",
        "host": null,
        "status": 1,
        "mountDir": null,
        "zookeeperId": null,
        "gateAddr": null,
        "ipMask": null,
        "diskSize": null,
        "coresNumber": null,
        "cpuSpeed": null,
        "memorySize": null,
        "hcluster": null,
        "zabbixHosts": null,
        "hostId": null,
        "mclusterId": 4,
        "mcluster": {
          "type": null,
          "status": null,
          "sstPwd": null,
          "createUserModel": null,
          "hcluster": null,
          "adminUser": null,
          "adminPassword": null,
          "hclusterId": null,
          "mclusterName": "2_pressure_test1",
          "id": null,
          "createTime": null,
          "deleted": false,
          "createUser": null,
          "updateTime": null,
          "updateUser": null
        },
        "hostIp": null,
        "containerName": null,
        "ipAddr": null,
        "id": 148,
        "createTime": 1418721001000,
        "deleted": false,
        "createUser": null,
        "updateTime": 1418721001000,
        "updateUser": null
      },
      {
        "type": "mclusternode",
        "host": null,
        "status": 1,
        "mountDir": null,
        "zookeeperId": null,
        "gateAddr": null,
        "ipMask": null,
        "diskSize": null,
        "coresNumber": null,
        "cpuSpeed": null,
        "memorySize": null,
        "hcluster": null,
        "zabbixHosts": null,
        "hostId": null,
        "mclusterId": 4,
        "mcluster": {
          "type": null,
          "status": null,
          "sstPwd": null,
          "createUserModel": null,
          "hcluster": null,
          "adminUser": null,
          "adminPassword": null,
          "hclusterId": null,
          "mclusterName": "2_pressure_test1",
          "id": null,
          "createTime": null,
          "deleted": false,
          "createUser": null,
          "updateTime": null,
          "updateUser": null
        },
        "hostIp": null,
        "containerName": null,
        "ipAddr": null,
        "id": 149,
        "createTime": 1418721001000,
        "deleted": false,
        "createUser": null,
        "updateTime": 1418721001000,
        "updateUser": null
      },
      {
        "type": "mclusternode",
        "host": null,
        "status": 1,
        "mountDir": null,
        "zookeeperId": null,
        "gateAddr": null,
        "ipMask": null,
        "diskSize": null,
        "coresNumber": null,
        "cpuSpeed": null,
        "memorySize": null,
        "hcluster": null,
        "zabbixHosts": null,
        "hostId": null,
        "mclusterId": 4,
        "mcluster": {
          "type": null,
          "status": null,
          "sstPwd": null,
          "createUserModel": null,
          "hcluster": null,
          "adminUser": null,
          "adminPassword": null,
          "hclusterId": null,
          "mclusterName": "2_pressure_test1",
          "id": null,
          "createTime": null,
          "deleted": false,
          "createUser": null,
          "updateTime": null,
          "updateUser": null
        },
        "hostIp": null,
        "containerName": null,
        "ipAddr": null,
        "id": 163,
        "createTime": 1418721600000,
        "deleted": false,
        "createUser": null,
        "updateTime": 1418721600000,
        "updateUser": null
      },
      {
        "type": "mclusternode",
        "host": null,
        "status": 1,
        "mountDir": null,
        "zookeeperId": null,
        "gateAddr": null,
        "ipMask": null,
        "diskSize": null,
        "coresNumber": null,
        "cpuSpeed": null,
        "memorySize": null,
        "hcluster": null,
        "zabbixHosts": null,
        "hostId": null,
        "mclusterId": 4,
        "mcluster": {
          "type": null,
          "status": null,
          "sstPwd": null,
          "createUserModel": null,
          "hcluster": null,
          "adminUser": null,
          "adminPassword": null,
          "hclusterId": null,
          "mclusterName": "2_pressure_test1",
          "id": null,
          "createTime": null,
          "deleted": false,
          "createUser": null,
          "updateTime": null,
          "updateUser": null
        },
        "hostIp": null,
        "containerName": null,
        "ipAddr": null,
        "id": 165,
        "createTime": 1418721600000,
        "deleted": false,
        "createUser": null,
        "updateTime": 1418721600000,
        "updateUser": null
      },
      {
        "type": "mclusternode",
        "host": null,
        "status": 1,
        "mountDir": null,
        "zookeeperId": null,
        "gateAddr": null,
        "ipMask": null,
        "diskSize": null,
        "coresNumber": null,
        "cpuSpeed": null,
        "memorySize": null,
        "hcluster": null,
        "zabbixHosts": null,
        "hostId": null,
        "mclusterId": 4,
        "mcluster": {
          "type": null,
          "status": null,
          "sstPwd": null,
          "createUserModel": null,
          "hcluster": null,
          "adminUser": null,
          "adminPassword": null,
          "hclusterId": null,
          "mclusterName": "2_pressure_test1",
          "id": null,
          "createTime": null,
          "deleted": false,
          "createUser": null,
          "updateTime": null,
          "updateUser": null
        },
        "hostIp": null,
        "containerName": null,
        "ipAddr": null,
        "id": 166,
        "createTime": 1418721600000,
        "deleted": false,
        "createUser": null,
        "updateTime": 1418721600000,
        "updateUser": null
      },
      {
        "type": "mclusternode",
        "host": null,
        "status": 1,
        "mountDir": null,
        "zookeeperId": null,
        "gateAddr": null,
        "ipMask": null,
        "diskSize": null,
        "coresNumber": null,
        "cpuSpeed": null,
        "memorySize": null,
        "hcluster": null,
        "zabbixHosts": null,
        "hostId": null,
        "mclusterId": 4,
        "mcluster": {
          "type": null,
          "status": null,
          "sstPwd": null,
          "createUserModel": null,
          "hcluster": null,
          "adminUser": null,
          "adminPassword": null,
          "hclusterId": null,
          "mclusterName": "2_pressure_test1",
          "id": null,
          "createTime": null,
          "deleted": false,
          "createUser": null,
          "updateTime": null,
          "updateUser": null
        },
        "hostIp": null,
        "containerName": null,
        "ipAddr": null,
        "id": 180,
        "createTime": 1418722200000,
        "deleted": false,
        "createUser": null,
        "updateTime": 1418722200000,
        "updateUser": null
      },
      {
        "type": "mclusternode",
        "host": null,
        "status": 1,
        "mountDir": null,
        "zookeeperId": null,
        "gateAddr": null,
        "ipMask": null,
        "diskSize": null,
        "coresNumber": null,
        "cpuSpeed": null,
        "memorySize": null,
        "hcluster": null,
        "zabbixHosts": null,
        "hostId": null,
        "mclusterId": 4,
        "mcluster": {
          "type": null,
          "status": null,
          "sstPwd": null,
          "createUserModel": null,
          "hcluster": null,
          "adminUser": null,
          "adminPassword": null,
          "hclusterId": null,
          "mclusterName": "2_pressure_test1",
          "id": null,
          "createTime": null,
          "deleted": false,
          "createUser": null,
          "updateTime": null,
          "updateUser": null
        },
        "hostIp": null,
        "containerName": null,
        "ipAddr": null,
        "id": 182,
        "createTime": 1418722200000,
        "deleted": false,
        "createUser": null,
        "updateTime": 1418722200000,
        "updateUser": null
      },
      {
        "type": "mclusternode",
        "host": null,
        "status": 1,
        "mountDir": null,
        "zookeeperId": null,
        "gateAddr": null,
        "ipMask": null,
        "diskSize": null,
        "coresNumber": null,
        "cpuSpeed": null,
        "memorySize": null,
        "hcluster": null,
        "zabbixHosts": null,
        "hostId": null,
        "mclusterId": 4,
        "mcluster": {
          "type": null,
          "status": null,
          "sstPwd": null,
          "createUserModel": null,
          "hcluster": null,
          "adminUser": null,
          "adminPassword": null,
          "hclusterId": null,
          "mclusterName": "2_pressure_test1",
          "id": null,
          "createTime": null,
          "deleted": false,
          "createUser": null,
          "updateTime": null,
          "updateUser": null
        },
        "hostIp": null,
        "containerName": null,
        "ipAddr": null,
        "id": 183,
        "createTime": 1418722200000,
        "deleted": false,
        "createUser": null,
        "updateTime": 1418722200000,
        "updateUser": null
      },
      {
        "type": "mclusternode",
        "host": null,
        "status": 1,
        "mountDir": null,
        "zookeeperId": null,
        "gateAddr": null,
        "ipMask": null,
        "diskSize": null,
        "coresNumber": null,
        "cpuSpeed": null,
        "memorySize": null,
        "hcluster": null,
        "zabbixHosts": null,
        "hostId": null,
        "mclusterId": 4,
        "mcluster": {
          "type": null,
          "status": null,
          "sstPwd": null,
          "createUserModel": null,
          "hcluster": null,
          "adminUser": null,
          "adminPassword": null,
          "hclusterId": null,
          "mclusterName": "2_pressure_test1",
          "id": null,
          "createTime": null,
          "deleted": false,
          "createUser": null,
          "updateTime": null,
          "updateUser": null
        },
        "hostIp": null,
        "containerName": null,
        "ipAddr": null,
        "id": 197,
        "createTime": 1418722800000,
        "deleted": false,
        "createUser": null,
        "updateTime": 1418722800000,
        "updateUser": null
      },
      {
        "type": "mclusternode",
        "host": null,
        "status": 1,
        "mountDir": null,
        "zookeeperId": null,
        "gateAddr": null,
        "ipMask": null,
        "diskSize": null,
        "coresNumber": null,
        "cpuSpeed": null,
        "memorySize": null,
        "hcluster": null,
        "zabbixHosts": null,
        "hostId": null,
        "mclusterId": 4,
        "mcluster": {
          "type": null,
          "status": null,
          "sstPwd": null,
          "createUserModel": null,
          "hcluster": null,
          "adminUser": null,
          "adminPassword": null,
          "hclusterId": null,
          "mclusterName": "2_pressure_test1",
          "id": null,
          "createTime": null,
          "deleted": false,
          "createUser": null,
          "updateTime": null,
          "updateUser": null
        },
        "hostIp": null,
        "containerName": null,
        "ipAddr": null,
        "id": 199,
        "createTime": 1418722800000,
        "deleted": false,
        "createUser": null,
        "updateTime": 1418722800000,
        "updateUser": null
      },
      {
        "type": "mclusternode",
        "host": null,
        "status": 1,
        "mountDir": null,
        "zookeeperId": null,
        "gateAddr": null,
        "ipMask": null,
        "diskSize": null,
        "coresNumber": null,
        "cpuSpeed": null,
        "memorySize": null,
        "hcluster": null,
        "zabbixHosts": null,
        "hostId": null,
        "mclusterId": 4,
        "mcluster": {
          "type": null,
          "status": null,
          "sstPwd": null,
          "createUserModel": null,
          "hcluster": null,
          "adminUser": null,
          "adminPassword": null,
          "hclusterId": null,
          "mclusterName": "2_pressure_test1",
          "id": null,
          "createTime": null,
          "deleted": false,
          "createUser": null,
          "updateTime": null,
          "updateUser": null
        },
        "hostIp": null,
        "containerName": null,
        "ipAddr": null,
        "id": 200,
        "createTime": 1418722800000,
        "deleted": false,
        "createUser": null,
        "updateTime": 1418722800000,
        "updateUser": null
      },
      {
        "type": "mclusternode",
        "host": null,
        "status": 1,
        "mountDir": null,
        "zookeeperId": null,
        "gateAddr": null,
        "ipMask": null,
        "diskSize": null,
        "coresNumber": null,
        "cpuSpeed": null,
        "memorySize": null,
        "hcluster": null,
        "zabbixHosts": null,
        "hostId": null,
        "mclusterId": 4,
        "mcluster": {
          "type": null,
          "status": null,
          "sstPwd": null,
          "createUserModel": null,
          "hcluster": null,
          "adminUser": null,
          "adminPassword": null,
          "hclusterId": null,
          "mclusterName": "2_pressure_test1",
          "id": null,
          "createTime": null,
          "deleted": false,
          "createUser": null,
          "updateTime": null,
          "updateUser": null
        },
        "hostIp": null,
        "containerName": null,
        "ipAddr": null,
        "id": 214,
        "createTime": 1418723400000,
        "deleted": false,
        "createUser": null,
        "updateTime": 1418723400000,
        "updateUser": null
      },
      {
        "type": "mclusternode",
        "host": null,
        "status": 1,
        "mountDir": null,
        "zookeeperId": null,
        "gateAddr": null,
        "ipMask": null,
        "diskSize": null,
        "coresNumber": null,
        "cpuSpeed": null,
        "memorySize": null,
        "hcluster": null,
        "zabbixHosts": null,
        "hostId": null,
        "mclusterId": 4,
        "mcluster": {
          "type": null,
          "status": null,
          "sstPwd": null,
          "createUserModel": null,
          "hcluster": null,
          "adminUser": null,
          "adminPassword": null,
          "hclusterId": null,
          "mclusterName": "2_pressure_test1",
          "id": null,
          "createTime": null,
          "deleted": false,
          "createUser": null,
          "updateTime": null,
          "updateUser": null
        },
        "hostIp": null,
        "containerName": null,
        "ipAddr": null,
        "id": 216,
        "createTime": 1418723400000,
        "deleted": false,
        "createUser": null,
        "updateTime": 1418723400000,
        "updateUser": null
      },
      {
        "type": "mclusternode",
        "host": null,
        "status": 1,
        "mountDir": null,
        "zookeeperId": null,
        "gateAddr": null,
        "ipMask": null,
        "diskSize": null,
        "coresNumber": null,
        "cpuSpeed": null,
        "memorySize": null,
        "hcluster": null,
        "zabbixHosts": null,
        "hostId": null,
        "mclusterId": 4,
        "mcluster": {
          "type": null,
          "status": null,
          "sstPwd": null,
          "createUserModel": null,
          "hcluster": null,
          "adminUser": null,
          "adminPassword": null,
          "hclusterId": null,
          "mclusterName": "2_pressure_test1",
          "id": null,
          "createTime": null,
          "deleted": false,
          "createUser": null,
          "updateTime": null,
          "updateUser": null
        },
        "hostIp": null,
        "containerName": null,
        "ipAddr": null,
        "id": 217,
        "createTime": 1418723400000,
        "deleted": false,
        "createUser": null,
        "updateTime": 1418723400000,
        "updateUser": null
      },
      {
        "type": "mclusternode",
        "host": null,
        "status": 1,
        "mountDir": null,
        "zookeeperId": null,
        "gateAddr": null,
        "ipMask": null,
        "diskSize": null,
        "coresNumber": null,
        "cpuSpeed": null,
        "memorySize": null,
        "hcluster": null,
        "zabbixHosts": null,
        "hostId": null,
        "mclusterId": 4,
        "mcluster": {
          "type": null,
          "status": null,
          "sstPwd": null,
          "createUserModel": null,
          "hcluster": null,
          "adminUser": null,
          "adminPassword": null,
          "hclusterId": null,
          "mclusterName": "2_pressure_test1",
          "id": null,
          "createTime": null,
          "deleted": false,
          "createUser": null,
          "updateTime": null,
          "updateUser": null
        },
        "hostIp": null,
        "containerName": null,
        "ipAddr": null,
        "id": 231,
        "createTime": 1418724000000,
        "deleted": false,
        "createUser": null,
        "updateTime": 1418724000000,
        "updateUser": null
      },
      {
        "type": "mclusternode",
        "host": null,
        "status": 1,
        "mountDir": null,
        "zookeeperId": null,
        "gateAddr": null,
        "ipMask": null,
        "diskSize": null,
        "coresNumber": null,
        "cpuSpeed": null,
        "memorySize": null,
        "hcluster": null,
        "zabbixHosts": null,
        "hostId": null,
        "mclusterId": 4,
        "mcluster": {
          "type": null,
          "status": null,
          "sstPwd": null,
          "createUserModel": null,
          "hcluster": null,
          "adminUser": null,
          "adminPassword": null,
          "hclusterId": null,
          "mclusterName": "2_pressure_test1",
          "id": null,
          "createTime": null,
          "deleted": false,
          "createUser": null,
          "updateTime": null,
          "updateUser": null
        },
        "hostIp": null,
        "containerName": null,
        "ipAddr": null,
        "id": 233,
        "createTime": 1418724000000,
        "deleted": false,
        "createUser": null,
        "updateTime": 1418724000000,
        "updateUser": null
      },
      {
        "type": "mclusternode",
        "host": null,
        "status": 1,
        "mountDir": null,
        "zookeeperId": null,
        "gateAddr": null,
        "ipMask": null,
        "diskSize": null,
        "coresNumber": null,
        "cpuSpeed": null,
        "memorySize": null,
        "hcluster": null,
        "zabbixHosts": null,
        "hostId": null,
        "mclusterId": 4,
        "mcluster": {
          "type": null,
          "status": null,
          "sstPwd": null,
          "createUserModel": null,
          "hcluster": null,
          "adminUser": null,
          "adminPassword": null,
          "hclusterId": null,
          "mclusterName": "2_pressure_test1",
          "id": null,
          "createTime": null,
          "deleted": false,
          "createUser": null,
          "updateTime": null,
          "updateUser": null
        },
        "hostIp": null,
        "containerName": null,
        "ipAddr": null,
        "id": 234,
        "createTime": 1418724000000,
        "deleted": false,
        "createUser": null,
        "updateTime": 1418724000000,
        "updateUser": null
      },
      {
        "type": "mclusternode",
        "host": null,
        "status": 1,
        "mountDir": null,
        "zookeeperId": null,
        "gateAddr": null,
        "ipMask": null,
        "diskSize": null,
        "coresNumber": null,
        "cpuSpeed": null,
        "memorySize": null,
        "hcluster": null,
        "zabbixHosts": null,
        "hostId": null,
        "mclusterId": 4,
        "mcluster": {
          "type": null,
          "status": null,
          "sstPwd": null,
          "createUserModel": null,
          "hcluster": null,
          "adminUser": null,
          "adminPassword": null,
          "hclusterId": null,
          "mclusterName": "2_pressure_test1",
          "id": null,
          "createTime": null,
          "deleted": false,
          "createUser": null,
          "updateTime": null,
          "updateUser": null
        },
        "hostIp": null,
        "containerName": null,
        "ipAddr": null,
        "id": 248,
        "createTime": 1418724600000,
        "deleted": false,
        "createUser": null,
        "updateTime": 1418724600000,
        "updateUser": null
      },
      {
        "type": "mclusternode",
        "host": null,
        "status": 1,
        "mountDir": null,
        "zookeeperId": null,
        "gateAddr": null,
        "ipMask": null,
        "diskSize": null,
        "coresNumber": null,
        "cpuSpeed": null,
        "memorySize": null,
        "hcluster": null,
        "zabbixHosts": null,
        "hostId": null,
        "mclusterId": 4,
        "mcluster": {
          "type": null,
          "status": null,
          "sstPwd": null,
          "createUserModel": null,
          "hcluster": null,
          "adminUser": null,
          "adminPassword": null,
          "hclusterId": null,
          "mclusterName": "2_pressure_test1",
          "id": null,
          "createTime": null,
          "deleted": false,
          "createUser": null,
          "updateTime": null,
          "updateUser": null
        },
        "hostIp": null,
        "containerName": null,
        "ipAddr": null,
        "id": 250,
        "createTime": 1418724600000,
        "deleted": false,
        "createUser": null,
        "updateTime": 1418724600000,
        "updateUser": null
      },
      {
        "type": "mclusternode",
        "host": null,
        "status": 1,
        "mountDir": null,
        "zookeeperId": null,
        "gateAddr": null,
        "ipMask": null,
        "diskSize": null,
        "coresNumber": null,
        "cpuSpeed": null,
        "memorySize": null,
        "hcluster": null,
        "zabbixHosts": null,
        "hostId": null,
        "mclusterId": 4,
        "mcluster": {
          "type": null,
          "status": null,
          "sstPwd": null,
          "createUserModel": null,
          "hcluster": null,
          "adminUser": null,
          "adminPassword": null,
          "hclusterId": null,
          "mclusterName": "2_pressure_test1",
          "id": null,
          "createTime": null,
          "deleted": false,
          "createUser": null,
          "updateTime": null,
          "updateUser": null
        },
        "hostIp": null,
        "containerName": null,
        "ipAddr": null,
        "id": 251,
        "createTime": 1418724600000,
        "deleted": false,
        "createUser": null,
        "updateTime": 1418724600000,
        "updateUser": null
      },
      {
        "type": "mclusternode",
        "host": null,
        "status": 9,
        "mountDir": "{'/srv/mcluster': '', '/data/mcluster_data': '/data/mcluster_data'}",
        "zookeeperId": "1",
        "gateAddr": "10.154.0.1",
        "ipMask": "255.255.0.0",
        "diskSize": null,
        "coresNumber": null,
        "cpuSpeed": null,
        "memorySize": null,
        "hcluster": null,
        "zabbixHosts": "10486",
        "hostId": 3,
        "mclusterId": 4,
        "mcluster": {
          "type": null,
          "status": null,
          "sstPwd": null,
          "createUserModel": null,
          "hcluster": null,
          "adminUser": null,
          "adminPassword": null,
          "hclusterId": null,
          "mclusterName": "2_pressure_test1",
          "id": null,
          "createTime": null,
          "deleted": false,
          "createUser": null,
          "updateTime": null,
          "updateUser": null
        },
        "hostIp": "10.154.156.152",
        "containerName": "d-mcl-2_pressure_test1-n-1",
        "ipAddr": "10.154.238.21",
        "id": 14,
        "createTime": 1417156673000,
        "deleted": false,
        "createUser": null,
        "updateTime": 1418727001000,
        "updateUser": null
      },
      {
        "type": "mclusternode",
        "host": null,
        "status": 9,
        "mountDir": "{'/srv/mcluster': '', '/data/mcluster_data': '/data/mcluster_data'}",
        "zookeeperId": "2",
        "gateAddr": "10.154.0.1",
        "ipMask": "255.255.0.0",
        "diskSize": null,
        "coresNumber": null,
        "cpuSpeed": null,
        "memorySize": null,
        "hcluster": null,
        "zabbixHosts": "10487",
        "hostId": 2,
        "mclusterId": 4,
        "mcluster": {
          "type": null,
          "status": null,
          "sstPwd": null,
          "createUserModel": null,
          "hcluster": null,
          "adminUser": null,
          "adminPassword": null,
          "hclusterId": null,
          "mclusterName": "2_pressure_test1",
          "id": null,
          "createTime": null,
          "deleted": false,
          "createUser": null,
          "updateTime": null,
          "updateUser": null
        },
        "hostIp": "10.154.156.151",
        "containerName": "d-mcl-2_pressure_test1-n-2",
        "ipAddr": "10.154.238.28",
        "id": 13,
        "createTime": 1417156673000,
        "deleted": false,
        "createUser": null,
        "updateTime": 1418727001000,
        "updateUser": null
      },
      {
        "type": "mclusternode",
        "host": null,
        "status": 9,
        "mountDir": "{'/srv/mcluster': '', '/data/mcluster_data': '/data/mcluster_data'}",
        "zookeeperId": "3",
        "gateAddr": "10.154.0.1",
        "ipMask": "255.255.0.0",
        "diskSize": null,
        "coresNumber": null,
        "cpuSpeed": null,
        "memorySize": null,
        "hcluster": null,
        "zabbixHosts": "10488",
        "hostId": 1,
        "mclusterId": 4,
        "mcluster": {
          "type": null,
          "status": null,
          "sstPwd": null,
          "createUserModel": null,
          "hcluster": null,
          "adminUser": null,
          "adminPassword": null,
          "hclusterId": null,
          "mclusterName": "2_pressure_test1",
          "id": null,
          "createTime": null,
          "deleted": false,
          "createUser": null,
          "updateTime": null,
          "updateUser": null
        },
        "hostIp": "10.154.156.150",
        "containerName": "d-mcl-2_pressure_test1-n-3",
        "ipAddr": "10.154.238.26",
        "id": 15,
        "createTime": 1417156673000,
        "deleted": false,
        "createUser": null,
        "updateTime": 1418727001000,
        "updateUser": null
      },
      {
        "type": "mclustervip",
        "host": null,
        "status": 1,
        "mountDir": null,
        "zookeeperId": null,
        "gateAddr": null,
        "ipMask": null,
        "diskSize": null,
        "coresNumber": null,
        "cpuSpeed": null,
        "memorySize": null,
        "hcluster": null,
        "zabbixHosts": null,
        "hostId": null,
        "mclusterId": 4,
        "mcluster": {
          "type": null,
          "status": null,
          "sstPwd": null,
          "createUserModel": null,
          "hcluster": null,
          "adminUser": null,
          "adminPassword": null,
          "hclusterId": null,
          "mclusterName": "2_pressure_test1",
          "id": null,
          "createTime": null,
          "deleted": false,
          "createUser": null,
          "updateTime": null,
          "updateUser": null
        },
        "hostIp": null,
        "containerName": null,
        "ipAddr": null,
        "id": 264,
        "createTime": 1418725200000,
        "deleted": false,
        "createUser": null,
        "updateTime": 1418725200000,
        "updateUser": null
      },
      {
        "type": "mclustervip",
        "host": null,
        "status": 9,
        "mountDir": null,
        "zookeeperId": null,
        "gateAddr": "10.154.0.1",
        "ipMask": "255.255.0.0",
        "diskSize": null,
        "coresNumber": null,
        "cpuSpeed": null,
        "memorySize": null,
        "hcluster": null,
        "zabbixHosts": "10489",
        "hostId": 3,
        "mclusterId": 4,
        "mcluster": {
          "type": null,
          "status": null,
          "sstPwd": null,
          "createUserModel": null,
          "hcluster": null,
          "adminUser": null,
          "adminPassword": null,
          "hclusterId": null,
          "mclusterName": "2_pressure_test1",
          "id": null,
          "createTime": null,
          "deleted": false,
          "createUser": null,
          "updateTime": null,
          "updateUser": null
        },
        "hostIp": "10.154.156.152",
        "containerName": "d-mcl-2_pressure_test1-n-4",
        "ipAddr": "10.154.238.27",
        "id": 16,
        "createTime": 1417156673000,
        "deleted": false,
        "createUser": null,
        "updateTime": 1418727001000,
        "updateUser": null
      },
      {
        "type": "mclustervip",
        "host": null,
        "status": 1,
        "mountDir": null,
        "zookeeperId": null,
        "gateAddr": null,
        "ipMask": null,
        "diskSize": null,
        "coresNumber": null,
        "cpuSpeed": null,
        "memorySize": null,
        "hcluster": null,
        "zabbixHosts": null,
        "hostId": null,
        "mclusterId": 4,
        "mcluster": {
          "type": null,
          "status": null,
          "sstPwd": null,
          "createUserModel": null,
          "hcluster": null,
          "adminUser": null,
          "adminPassword": null,
          "hclusterId": null,
          "mclusterName": "2_pressure_test1",
          "id": null,
          "createTime": null,
          "deleted": false,
          "createUser": null,
          "updateTime": null,
          "updateUser": null
        },
        "hostIp": null,
        "containerName": null,
        "ipAddr": null,
        "id": 281,
        "createTime": 1418725800000,
        "deleted": false,
        "createUser": null,
        "updateTime": 1418725800000,
        "updateUser": null
      },
      {
        "type": "mclustervip",
        "host": null,
        "status": 1,
        "mountDir": null,
        "zookeeperId": null,
        "gateAddr": null,
        "ipMask": null,
        "diskSize": null,
        "coresNumber": null,
        "cpuSpeed": null,
        "memorySize": null,
        "hcluster": null,
        "zabbixHosts": null,
        "hostId": null,
        "mclusterId": 4,
        "mcluster": {
          "type": null,
          "status": null,
          "sstPwd": null,
          "createUserModel": null,
          "hcluster": null,
          "adminUser": null,
          "adminPassword": null,
          "hclusterId": null,
          "mclusterName": "2_pressure_test1",
          "id": null,
          "createTime": null,
          "deleted": false,
          "createUser": null,
          "updateTime": null,
          "updateUser": null
        },
        "hostIp": null,
        "containerName": null,
        "ipAddr": null,
        "id": 298,
        "createTime": 1418726400000,
        "deleted": false,
        "createUser": null,
        "updateTime": 1418726400000,
        "updateUser": null
      },
      {
        "type": "mclustervip",
        "host": null,
        "status": 1,
        "mountDir": null,
        "zookeeperId": null,
        "gateAddr": null,
        "ipMask": null,
        "diskSize": null,
        "coresNumber": null,
        "cpuSpeed": null,
        "memorySize": null,
        "hcluster": null,
        "zabbixHosts": null,
        "hostId": null,
        "mclusterId": 4,
        "mcluster": {
          "type": null,
          "status": null,
          "sstPwd": null,
          "createUserModel": null,
          "hcluster": null,
          "adminUser": null,
          "adminPassword": null,
          "hclusterId": null,
          "mclusterName": "2_pressure_test1",
          "id": null,
          "createTime": null,
          "deleted": false,
          "createUser": null,
          "updateTime": null,
          "updateUser": null
        },
        "hostIp": null,
        "containerName": null,
        "ipAddr": null,
        "id": 315,
        "createTime": 1418727000000,
        "deleted": false,
        "createUser": null,
        "updateTime": 1418727000000,
        "updateUser": null
      },
      {
        "type": "mclustervip",
        "host": null,
        "status": 1,
        "mountDir": null,
        "zookeeperId": null,
        "gateAddr": null,
        "ipMask": null,
        "diskSize": null,
        "coresNumber": null,
        "cpuSpeed": null,
        "memorySize": null,
        "hcluster": null,
        "zabbixHosts": null,
        "hostId": null,
        "mclusterId": 4,
        "mcluster": {
          "type": null,
          "status": null,
          "sstPwd": null,
          "createUserModel": null,
          "hcluster": null,
          "adminUser": null,
          "adminPassword": null,
          "hclusterId": null,
          "mclusterName": "2_pressure_test1",
          "id": null,
          "createTime": null,
          "deleted": false,
          "createUser": null,
          "updateTime": null,
          "updateUser": null
        },
        "hostIp": null,
        "containerName": null,
        "ipAddr": null,
        "id": 78,
        "createTime": 1418718600000,
        "deleted": false,
        "createUser": null,
        "updateTime": 1418718600000,
        "updateUser": null
      },
      {
        "type": "mclustervip",
        "host": null,
        "status": 1,
        "mountDir": null,
        "zookeeperId": null,
        "gateAddr": null,
        "ipMask": null,
        "diskSize": null,
        "coresNumber": null,
        "cpuSpeed": null,
        "memorySize": null,
        "hcluster": null,
        "zabbixHosts": null,
        "hostId": null,
        "mclusterId": 4,
        "mcluster": {
          "type": null,
          "status": null,
          "sstPwd": null,
          "createUserModel": null,
          "hcluster": null,
          "adminUser": null,
          "adminPassword": null,
          "hclusterId": null,
          "mclusterName": "2_pressure_test1",
          "id": null,
          "createTime": null,
          "deleted": false,
          "createUser": null,
          "updateTime": null,
          "updateUser": null
        },
        "hostIp": null,
        "containerName": null,
        "ipAddr": null,
        "id": 98,
        "createTime": 1418719201000,
        "deleted": false,
        "createUser": null,
        "updateTime": 1418719201000,
        "updateUser": null
      },
      {
        "type": "mclustervip",
        "host": null,
        "status": 1,
        "mountDir": null,
        "zookeeperId": null,
        "gateAddr": null,
        "ipMask": null,
        "diskSize": null,
        "coresNumber": null,
        "cpuSpeed": null,
        "memorySize": null,
        "hcluster": null,
        "zabbixHosts": null,
        "hostId": null,
        "mclusterId": 4,
        "mcluster": {
          "type": null,
          "status": null,
          "sstPwd": null,
          "createUserModel": null,
          "hcluster": null,
          "adminUser": null,
          "adminPassword": null,
          "hclusterId": null,
          "mclusterName": "2_pressure_test1",
          "id": null,
          "createTime": null,
          "deleted": false,
          "createUser": null,
          "updateTime": null,
          "updateUser": null
        },
        "hostIp": null,
        "containerName": null,
        "ipAddr": null,
        "id": 114,
        "createTime": 1418719800000,
        "deleted": false,
        "createUser": null,
        "updateTime": 1418719800000,
        "updateUser": null
      },
      {
        "type": "mclustervip",
        "host": null,
        "status": 1,
        "mountDir": null,
        "zookeeperId": null,
        "gateAddr": null,
        "ipMask": null,
        "diskSize": null,
        "coresNumber": null,
        "cpuSpeed": null,
        "memorySize": null,
        "hcluster": null,
        "zabbixHosts": null,
        "hostId": null,
        "mclusterId": 4,
        "mcluster": {
          "type": null,
          "status": null,
          "sstPwd": null,
          "createUserModel": null,
          "hcluster": null,
          "adminUser": null,
          "adminPassword": null,
          "hclusterId": null,
          "mclusterName": "2_pressure_test1",
          "id": null,
          "createTime": null,
          "deleted": false,
          "createUser": null,
          "updateTime": null,
          "updateUser": null
        },
        "hostIp": null,
        "containerName": null,
        "ipAddr": null,
        "id": 128,
        "createTime": 1418720400000,
        "deleted": false,
        "createUser": null,
        "updateTime": 1418720400000,
        "updateUser": null
      },
      {
        "type": "mclustervip",
        "host": null,
        "status": 1,
        "mountDir": null,
        "zookeeperId": null,
        "gateAddr": null,
        "ipMask": null,
        "diskSize": null,
        "coresNumber": null,
        "cpuSpeed": null,
        "memorySize": null,
        "hcluster": null,
        "zabbixHosts": null,
        "hostId": null,
        "mclusterId": 4,
        "mcluster": {
          "type": null,
          "status": null,
          "sstPwd": null,
          "createUserModel": null,
          "hcluster": null,
          "adminUser": null,
          "adminPassword": null,
          "hclusterId": null,
          "mclusterName": "2_pressure_test1",
          "id": null,
          "createTime": null,
          "deleted": false,
          "createUser": null,
          "updateTime": null,
          "updateUser": null
        },
        "hostIp": null,
        "containerName": null,
        "ipAddr": null,
        "id": 145,
        "createTime": 1418721000000,
        "deleted": false,
        "createUser": null,
        "updateTime": 1418721000000,
        "updateUser": null
      },
      {
        "type": "mclustervip",
        "host": null,
        "status": 1,
        "mountDir": null,
        "zookeeperId": null,
        "gateAddr": null,
        "ipMask": null,
        "diskSize": null,
        "coresNumber": null,
        "cpuSpeed": null,
        "memorySize": null,
        "hcluster": null,
        "zabbixHosts": null,
        "hostId": null,
        "mclusterId": 4,
        "mcluster": {
          "type": null,
          "status": null,
          "sstPwd": null,
          "createUserModel": null,
          "hcluster": null,
          "adminUser": null,
          "adminPassword": null,
          "hclusterId": null,
          "mclusterName": "2_pressure_test1",
          "id": null,
          "createTime": null,
          "deleted": false,
          "createUser": null,
          "updateTime": null,
          "updateUser": null
        },
        "hostIp": null,
        "containerName": null,
        "ipAddr": null,
        "id": 162,
        "createTime": 1418721600000,
        "deleted": false,
        "createUser": null,
        "updateTime": 1418721600000,
        "updateUser": null
      },
      {
        "type": "mclustervip",
        "host": null,
        "status": 1,
        "mountDir": null,
        "zookeeperId": null,
        "gateAddr": null,
        "ipMask": null,
        "diskSize": null,
        "coresNumber": null,
        "cpuSpeed": null,
        "memorySize": null,
        "hcluster": null,
        "zabbixHosts": null,
        "hostId": null,
        "mclusterId": 4,
        "mcluster": {
          "type": null,
          "status": null,
          "sstPwd": null,
          "createUserModel": null,
          "hcluster": null,
          "adminUser": null,
          "adminPassword": null,
          "hclusterId": null,
          "mclusterName": "2_pressure_test1",
          "id": null,
          "createTime": null,
          "deleted": false,
          "createUser": null,
          "updateTime": null,
          "updateUser": null
        },
        "hostIp": null,
        "containerName": null,
        "ipAddr": null,
        "id": 179,
        "createTime": 1418722200000,
        "deleted": false,
        "createUser": null,
        "updateTime": 1418722200000,
        "updateUser": null
      },
      {
        "type": "mclustervip",
        "host": null,
        "status": 1,
        "mountDir": null,
        "zookeeperId": null,
        "gateAddr": null,
        "ipMask": null,
        "diskSize": null,
        "coresNumber": null,
        "cpuSpeed": null,
        "memorySize": null,
        "hcluster": null,
        "zabbixHosts": null,
        "hostId": null,
        "mclusterId": 4,
        "mcluster": {
          "type": null,
          "status": null,
          "sstPwd": null,
          "createUserModel": null,
          "hcluster": null,
          "adminUser": null,
          "adminPassword": null,
          "hclusterId": null,
          "mclusterName": "2_pressure_test1",
          "id": null,
          "createTime": null,
          "deleted": false,
          "createUser": null,
          "updateTime": null,
          "updateUser": null
        },
        "hostIp": null,
        "containerName": null,
        "ipAddr": null,
        "id": 196,
        "createTime": 1418722800000,
        "deleted": false,
        "createUser": null,
        "updateTime": 1418722800000,
        "updateUser": null
      },
      {
        "type": "mclustervip",
        "host": null,
        "status": 1,
        "mountDir": null,
        "zookeeperId": null,
        "gateAddr": null,
        "ipMask": null,
        "diskSize": null,
        "coresNumber": null,
        "cpuSpeed": null,
        "memorySize": null,
        "hcluster": null,
        "zabbixHosts": null,
        "hostId": null,
        "mclusterId": 4,
        "mcluster": {
          "type": null,
          "status": null,
          "sstPwd": null,
          "createUserModel": null,
          "hcluster": null,
          "adminUser": null,
          "adminPassword": null,
          "hclusterId": null,
          "mclusterName": "2_pressure_test1",
          "id": null,
          "createTime": null,
          "deleted": false,
          "createUser": null,
          "updateTime": null,
          "updateUser": null
        },
        "hostIp": null,
        "containerName": null,
        "ipAddr": null,
        "id": 213,
        "createTime": 1418723400000,
        "deleted": false,
        "createUser": null,
        "updateTime": 1418723400000,
        "updateUser": null
      },
      {
        "type": "mclustervip",
        "host": null,
        "status": 1,
        "mountDir": null,
        "zookeeperId": null,
        "gateAddr": null,
        "ipMask": null,
        "diskSize": null,
        "coresNumber": null,
        "cpuSpeed": null,
        "memorySize": null,
        "hcluster": null,
        "zabbixHosts": null,
        "hostId": null,
        "mclusterId": 4,
        "mcluster": {
          "type": null,
          "status": null,
          "sstPwd": null,
          "createUserModel": null,
          "hcluster": null,
          "adminUser": null,
          "adminPassword": null,
          "hclusterId": null,
          "mclusterName": "2_pressure_test1",
          "id": null,
          "createTime": null,
          "deleted": false,
          "createUser": null,
          "updateTime": null,
          "updateUser": null
        },
        "hostIp": null,
        "containerName": null,
        "ipAddr": null,
        "id": 230,
        "createTime": 1418724000000,
        "deleted": false,
        "createUser": null,
        "updateTime": 1418724000000,
        "updateUser": null
      },
      {
        "type": "mclustervip",
        "host": null,
        "status": 1,
        "mountDir": null,
        "zookeeperId": null,
        "gateAddr": null,
        "ipMask": null,
        "diskSize": null,
        "coresNumber": null,
        "cpuSpeed": null,
        "memorySize": null,
        "hcluster": null,
        "zabbixHosts": null,
        "hostId": null,
        "mclusterId": 4,
        "mcluster": {
          "type": null,
          "status": null,
          "sstPwd": null,
          "createUserModel": null,
          "hcluster": null,
          "adminUser": null,
          "adminPassword": null,
          "hclusterId": null,
          "mclusterName": "2_pressure_test1",
          "id": null,
          "createTime": null,
          "deleted": false,
          "createUser": null,
          "updateTime": null,
          "updateUser": null
        },
        "hostIp": null,
        "containerName": null,
        "ipAddr": null,
        "id": 247,
        "createTime": 1418724600000,
        "deleted": false,
        "createUser": null,
        "updateTime": 1418724600000,
        "updateUser": null
      }
    ],
    "projectId": null,
    "developLanguage": null,
    "engineType": 0,
    "linkType": 1,
    "fromDbIp": null,
    "fromDbPort": null,
    "fromDbName": null,
    "auditUser": null,
    "auditInfo": null,
    "user": {
      "type": null,
      "status": null,
      "userName": "yaokuo",
      "password": null,
      "registerDate": null,
      "passportId": null,
      "salt": null,
      "realName": null,
      "lastLoginTime": null,
      "lastLoginIp": null,
      "currentLoginTime": null,
      "currentLoginIp": null,
      "email": null,
      "id": null,
      "createTime": null,
      "deleted": false,
      "createUser": null,
      "updateTime": null,
      "updateUser": null
    },
    "hcluster": null,
    "mclusterId": 4,
    "dbName": "pressure_test1",
    "hclusterId": 1,
    "mcluster": null,
    "id": 1,
    "createTime": 1417156552000,
    "deleted": false,
    "createUser": 2,
    "updateTime": 1417156892000,
    "updateUser": null
  },
  "msgs": [],
  "callback": null,
  "result": 1
}