{
  "data": {
    "data": [
      {
        "projectId": null,
        "noticeType": null,
        "descn": null,
        "developLanguage": null,
        "engineType": 0,
        "linkType": 1,
        "fromDbIp": null,
        "fromDbPort": null,
        "fromDbName": null,
        "auditUser": null,
        "auditInfo": null,
        "containers": null,
        "backupCycle": null,
        "mcluster": {
          "type": null,
          "createUserModel": null,
          "sstPwd": null,
          "mclusterName": "2_pressure_test1",
          "hclusterId": null,
          "status": null,
          "adminUser": null,
          "adminPassword": null,
          "hcluster": null,
          "id": null,
          "createTime": null,
          "updateTime": null,
          "updateUser": null,
          "createUser": null,
          "deleted": false
        },
        "dbName": "pressure_test1",
        "hclusterId": 1,
        "status": 6,
        "mclusterId": 4,
        "user": {
          "type": null,
          "salt": null,
          "realName": null,
          "lastLoginTime": null,
          "lastLoginIp": null,
          "registerDate": null,
          "passportId": null,
          "status": null,
          "userName": "yaokuo",
          "password": null,
          "email": null,
          "currentLoginIp": null,
          "currentLoginTime": null,
          "id": null,
          "createTime": null,
          "updateTime": null,
          "updateUser": null,
          "createUser": null,
          "deleted": false
        },
        "hcluster": {
          "hclusterNameAlias": "TEST_15X",
          "descn": null,
          "status": null,
          "hclusterName": null,
          "id": null,
          "createTime": null,
          "updateTime": null,
          "updateUser": null,
          "createUser": null,
          "deleted": false
        },
        "id": 1,
        "createTime": 1417156552000,
        "updateTime": 1417156892000,
        "updateUser": null,
        "createUser": 2,
        "deleted": false
      }
    ],
    "startRowPosition": 0,
    "lastPage": true,
    "endRowPosition": 15,
    "totalRecords": 1,
    "tooManySearchReturn": false,
    "recordsPerPage": 15,
    "currentPage": 1,
    "totalPages": 1,
    "preId": -1,
    "nextId": -1,
    "currentRecord": 0
  },
  "msgs": [],
  "callback": null,
  "result": 1
}